{
  "final_return_ma": 42.1875,
  "strength": -176.8125,
  "max_strength": -159.625,
  "final_strength": -159.625,
  "sample_efficiency": 5.1365324907237664e-05,
  "training_efficiency": 3.87580985261593e-05,
  "stability": 0.9429354034364223
}