{
  "final_return_ma": 18.75,
  "strength": -200.25,
  "max_strength": -169.0,
  "final_strength": -206.5,
  "sample_efficiency": 4.9677484639687464e-05,
  "training_efficiency": 3.8747399230487645e-05,
  "stability": 0.9264087453484535
}