{
  "final_return_ma": 27.5,
  "strength": -191.5,
  "max_strength": -150.25,
  "final_strength": -194.0,
  "sample_efficiency": 2.2272699425229803e-05,
  "training_efficiency": 0.00031183421378955245,
  "stability": 0.9334982261061668
}