{
  "final_return_ma": 37.25,
  "strength": -181.75,
  "max_strength": 31.0,
  "final_strength": -156.5,
  "sample_efficiency": 4.967892436980037e-06,
  "training_efficiency": 6.401269638445228e-05,
  "stability": 0.8730471432209015
}