{
  "final_return_ma": 39.190574645996094,
  "strength": -179.80943298339844,
  "max_strength": -128.375,
  "final_strength": -187.75,
  "sample_efficiency": 7.650261977687478e-06,
  "training_efficiency": 0.0002704946091398597,
  "stability": 0.9304307475686073
}