{
  "final_return_ma": 35.91188430786133,
  "strength": -183.08811950683594,
  "max_strength": -100.25,
  "final_strength": -187.75,
  "sample_efficiency": 8.038725354708731e-06,
  "training_efficiency": 0.00028427864890545607,
  "stability": 0.9325516521930695
}