{
  "final_return_ma": 44.35483932495117,
  "strength": -174.64515686035156,
  "max_strength": -97.125,
  "final_strength": -212.75,
  "sample_efficiency": 8.235808309109416e-06,
  "training_efficiency": 0.0008509241743013263,
  "stability": 0.9308188706636429
}