{
  "final_return_ma": 44.45564651489258,
  "strength": -174.5443572998047,
  "max_strength": -122.125,
  "final_strength": -172.125,
  "sample_efficiency": 7.881228157202713e-06,
  "training_efficiency": 0.0008135923417285085,
  "stability": 0.9304552972316742
}