{
  "final_return_ma": 45.35618286132812,
  "strength": -173.64381713867186,
  "max_strength": -101.91666666666667,
  "final_strength": -169.20833333333334,
  "sample_efficiency": 7.897804213522856e-06,
  "training_efficiency": 0.0008154513430781663,
  "stability": 0.9209318786859513,
  "consistency": 1.2868165359085417
}