{
  "final_return_ma": 45.967742919921875,
  "strength": -173.03225708007812,
  "max_strength": -90.875,
  "final_strength": -165.875,
  "sample_efficiency": 7.990342055563815e-06,
  "training_efficiency": 0.0008252435363829136,
  "stability": 0.9292874336242676
}