{
  "final_return_ma": 64.98015594482422,
  "strength": -154.01983642578125,
  "max_strength": -12.75,
  "final_strength": -131.5,
  "sample_efficiency": 8.144081220962107e-06,
  "training_efficiency": 0.0001067156481440179,
  "stability": 0.8295766115188599
}