{
  "final_return_ma": 69.3452377319336,
  "strength": -149.65475463867188,
  "max_strength": -25.25,
  "final_strength": -187.75,
  "sample_efficiency": 8.353194971277844e-06,
  "training_efficiency": 0.0001099863147828728,
  "stability": 0.8342892676591873
}