{
  "final_return_ma": 69.94047546386719,
  "strength": -149.0595245361328,
  "max_strength": 24.75,
  "final_strength": 24.75,
  "sample_efficiency": 8.546207027393393e-06,
  "training_efficiency": 0.00011231297685299069,
  "stability": 0.830067440867424
}