{
  "final_return_ma": 68.75,
  "strength": -150.25,
  "max_strength": -50.25,
  "final_strength": -131.5,
  "sample_efficiency": 8.64516096044099e-06,
  "training_efficiency": 0.00011360777716618031,
  "stability": 0.81184883415699
}