{
  "final_return_ma": 43.75,
  "strength": -175.25,
  "max_strength": -175.25,
  "final_strength": -175.25,
  "sample_efficiency": 7.499999628635123e-05,
  "training_efficiency": 0.0010233918437734246,
  "stability": 1.0
}