{
  "final_return_ma": 71.26984024047852,
  "strength": -147.73015747070312,
  "max_strength": -21.5,
  "final_strength": -104.0,
  "sample_efficiency": 8.58196599438088e-06,
  "training_efficiency": 0.00011281137485639193,
  "stability": 0.8382636994123459,
  "consistency": 1.5616433699097454
}