{
  "final_return_ma": 77.87698364257812,
  "strength": -141.12301635742188,
  "max_strength": -25.25,
  "final_strength": -75.25,
  "sample_efficiency": 8.993409210233949e-06,
  "training_efficiency": 0.00011815047037089244,
  "stability": 0.8603312373161316
}