{
  "final_return_ma": 24.47916603088379,
  "strength": -194.5208282470703,
  "max_strength": -169.0,
  "final_strength": -219.0,
  "sample_efficiency": 3.889882646035403e-05,
  "training_efficiency": 0.004035778809338808,
  "stability": 0.9208965077996254
}