{
  "final_return_ma": 35.41666793823242,
  "strength": -183.5833282470703,
  "max_strength": -147.125,
  "final_strength": -219.0,
  "sample_efficiency": 4.086643093614839e-05,
  "training_efficiency": 0.004246480297297239,
  "stability": 0.8937677070498466
}