{
  "final_return_ma": 34.375,
  "strength": -184.625,
  "max_strength": -172.125,
  "final_strength": -178.375,
  "sample_efficiency": 4.197115049464628e-05,
  "training_efficiency": 0.004358723293989897,
  "stability": 0.9865501010790467
}