epi,t,wall_t,opt_step,frame,fps,total_reward,total_reward_ma,loss,lr,explore_var,entropy_coef,entropy,grad_norm
0.0,0.0,0.0,0.0,0.0,0.0,,,,1e-04,,0.01,,
0.0,10000.0,168.0,95.0,10000.0,59.52381,0.0,0.0,-0.026804686,1e-04,,0.01,2.8853724,
0.0,20000.0,242.0,195.0,20000.0,82.64463,28.125,14.0625,-0.024664182,1e-04,,0.01,2.8855088,
0.0,30000.0,316.0,290.0,30000.0,94.93671,15.625,14.583333,-0.00912393,1e-04,,0.01,2.877225,
0.0,40000.0,394.0,390.0,40000.0,101.52284,46.875,22.65625,-0.024595525,1e-04,,0.01,2.887571,
0.0,50000.0,468.0,485.0,50000.0,106.83761,50.0,28.125,-0.015346678,1e-04,,0.01,2.887042,
0.0,60000.0,542.0,585.0,60000.0,110.7011,28.125,28.125,-0.01783555,1e-04,,0.01,2.8795366,
