epi,t,wall_t,opt_step,frame,fps,total_reward,total_reward_ma,loss,lr,explore_var,entropy_coef,entropy,grad_norm
0.0,0.0,0.0,0.0,0.0,0.0,,,,1e-04,,0.01,,
0.0,10000.0,164.0,95.0,10000.0,60.97561,43.75,43.75,-0.014275939,1e-04,,0.01,2.8853183,
0.0,20000.0,237.0,195.0,20000.0,84.38818,43.75,43.75,-0.033506654,1e-04,,0.01,2.8857095,
0.0,30000.0,308.0,290.0,30000.0,97.402596,34.375,40.625,-0.025616111,1e-04,,0.01,2.8825088,
0.0,40000.0,381.0,390.0,40000.0,104.98688,21.875,35.9375,-0.027566426,1e-04,,0.01,2.8866313,
0.0,50000.0,453.0,485.0,50000.0,110.375275,71.875,43.125,-0.021109723,1e-04,,0.01,2.8867435,
0.0,60000.0,528.0,585.0,60000.0,113.63636,40.625,42.708332,-0.026486933,1e-04,,0.01,2.8846252,
