{
  "final_return_ma": 31.25,
  "strength": -187.75,
  "max_strength": -169.0,
  "final_strength": -190.875,
  "sample_efficiency": 4.194296707282774e-05,
  "training_efficiency": 0.004358075093477964,
  "stability": 0.9665998667478561
}