{
  "final_return_ma": 43.75,
  "strength": -175.25,
  "max_strength": -119.0,
  "final_strength": -181.5,
  "sample_efficiency": 4.191809057374485e-05,
  "training_efficiency": 0.004350822884589434,
  "stability": 0.8922413811087608
}