epi,t,wall_t,opt_step,frame,fps,total_reward,total_reward_ma,loss,lr,explore_var,entropy_coef,entropy,grad_norm
0.0,0.0,0.0,0.0,0.0,0.0,,,,1e-04,,0.01,,
0.0,10000.0,162.0,95.0,10000.0,61.728394,21.875,21.875,-0.031173296,1e-04,,0.01,2.8855846,
0.0,20000.0,237.0,195.0,20000.0,84.38818,71.875,46.875,-0.030723885,1e-04,,0.01,2.885924,
0.0,30000.0,312.0,290.0,30000.0,96.15385,68.75,54.166668,-0.02137554,1e-04,,0.01,2.8832548,
0.0,40000.0,388.0,390.0,40000.0,103.09278,53.125,53.90625,-0.02415125,1e-04,,0.01,2.8882596,
0.0,50000.0,459.0,485.0,50000.0,108.932465,28.125,48.75,-0.0021091849,1e-04,,0.01,2.8867514,
0.0,60000.0,533.0,585.0,60000.0,112.57036,28.125,45.3125,-0.022212325,1e-04,,0.01,2.884386,
