{
  "final_return_ma": 34.89583206176758,
  "strength": -184.1041717529297,
  "max_strength": -156.5,
  "final_strength": -156.5,
  "sample_efficiency": 4.1222319850930944e-05,
  "training_efficiency": 0.0042829751037061214,
  "stability": 0.9439683593809605
}