epi,t,wall_t,opt_step,frame,fps,total_reward,total_reward_ma,loss,lr,explore_var,entropy_coef,entropy,grad_norm
0.0,0.0,0.0,0.0,0.0,0.0,,,,1e-04,,0.01,,
0.0,10000.0,170.0,95.0,10000.0,58.82353,31.25,31.25,-0.023489373,1e-04,,0.01,2.8845034,
0.0,20000.0,245.0,195.0,20000.0,81.63265,71.875,51.5625,-0.021210022,1e-04,,0.01,2.885956,
0.0,30000.0,319.0,290.0,30000.0,94.043884,28.125,43.75,-0.025252575,1e-04,,0.01,2.8788252,
0.0,40000.0,393.0,390.0,40000.0,101.78117,21.875,38.28125,-0.020839326,1e-04,,0.01,2.8865879,
0.0,50000.0,463.0,485.0,50000.0,107.99136,0.0,30.625,-0.020064462,1e-04,,0.01,2.8862276,
0.0,60000.0,539.0,585.0,60000.0,111.31725,96.875,41.666668,-0.021140138,1e-04,,0.01,2.8780403,
