{
  "final_return_ma": 28.125,
  "strength": -190.875,
  "max_strength": -169.0,
  "final_strength": -190.875,
  "sample_efficiency": 4.286164039513096e-05,
  "training_efficiency": 0.0044544716365635395,
  "stability": 0.9639816619455814
}