{
  "final_return_ma": 22.91666603088379,
  "strength": -196.0833282470703,
  "max_strength": -175.25,
  "final_strength": -206.5,
  "sample_efficiency": 4.0713803173275664e-05,
  "training_efficiency": 0.004229041747748852,
  "stability": 0.9677835069596767
}