epi,t,wall_t,opt_step,frame,fps,total_reward,total_reward_ma,loss,lr,explore_var,entropy_coef,entropy,grad_norm
0.0,0.0,0.0,0.0,0.0,0.0,,,,1e-04,,0.01,,
0.0,10000.0,169.0,95.0,10000.0,59.171597,50.0,50.0,-0.006501911,1e-04,,0.01,2.883997,
0.0,20000.0,246.0,195.0,20000.0,81.30081,34.375,42.1875,-0.021764267,1e-04,,0.01,2.8876557,
0.0,30000.0,319.0,290.0,30000.0,94.043884,21.875,35.416668,-0.015954811,1e-04,,0.01,2.8785071,
0.0,40000.0,392.0,390.0,40000.0,102.04082,21.875,32.03125,-0.027277127,1e-04,,0.01,2.887199,
0.0,50000.0,467.0,485.0,50000.0,107.06638,53.125,36.25,-0.035556663,1e-04,,0.01,2.8877008,
0.0,60000.0,542.0,585.0,60000.0,110.7011,31.25,35.416668,-0.018277824,1e-04,,0.01,2.883903,
