{
  "final_return_ma": 43.95161437988281,
  "strength": -175.0483856201172,
  "max_strength": -75.25,
  "final_strength": -190.875,
  "sample_efficiency": 7.94474999565864e-06,
  "training_efficiency": 0.0008202630560845137,
  "stability": 0.9173476174473763
}