{
  "final_return_ma": 37.752017974853516,
  "strength": -181.24798583984375,
  "max_strength": -128.375,
  "final_strength": -190.875,
  "sample_efficiency": 7.731648111075629e-06,
  "training_efficiency": 0.0007982631796039641,
  "stability": 0.9298420324921608
}