{
  "final_return_ma": 44.102821350097656,
  "strength": -174.8971710205078,
  "max_strength": -100.25,
  "final_strength": -175.25,
  "sample_efficiency": 7.739258762740064e-06,
  "training_efficiency": 0.0007993261679075658,
  "stability": 0.9068508595228195
}