{
  "final_return_ma": 41.73387145996094,
  "strength": -177.26612854003906,
  "max_strength": -106.5,
  "final_strength": -175.25,
  "sample_efficiency": 8.18155149318045e-06,
  "training_efficiency": 0.0008448784938082099,
  "stability": 0.921118326485157
}