{
  "final_return_ma": 47.98387145996094,
  "strength": -171.01612854003906,
  "max_strength": -87.75,
  "final_strength": -153.375,
  "sample_efficiency": 7.519467089878162e-06,
  "training_efficiency": 0.000776623492129147,
  "stability": 0.9141715615987778
}