{
  "final_return_ma": 44.30443572998047,
  "strength": -174.69557189941406,
  "max_strength": -125.25,
  "final_strength": -159.625,
  "sample_efficiency": 8.233812877733726e-06,
  "training_efficiency": 0.0008503377321176231,
  "stability": 0.9344047233462334
}