{
  "final_return_ma": 50.45362854003906,
  "strength": -168.54637145996094,
  "max_strength": -84.625,
  "final_strength": -112.75,
  "sample_efficiency": 7.664783879590686e-06,
  "training_efficiency": 0.0007903898949734867,
  "stability": 0.9090051651000977
}