{
  "final_return_ma": 48.790321350097656,
  "strength": -170.2096710205078,
  "max_strength": -100.25,
  "final_strength": -190.875,
  "sample_efficiency": 8.128740773827303e-06,
  "training_efficiency": 0.0008393794996663928,
  "stability": 0.9110341742634773
}