{
  "final_return_ma": 43.59878921508789,
  "strength": -175.40121459960938,
  "max_strength": -109.625,
  "final_strength": -147.125,
  "sample_efficiency": 7.755667866149452e-06,
  "training_efficiency": 0.0008008191944099963,
  "stability": 0.9274661540985107
}