{
  "final_return_ma": 48.23588562011719,
  "strength": -170.7641143798828,
  "max_strength": -115.875,
  "final_strength": -140.875,
  "sample_efficiency": 7.781668500683736e-06,
  "training_efficiency": 0.0008037020452320576,
  "stability": 0.9099578782916069
}