{
  "final_return_ma": 35.9375,
  "strength": -183.0625,
  "max_strength": -134.625,
  "final_strength": -190.875,
  "sample_efficiency": 2.04757452593185e-05,
  "training_efficiency": 0.0021206566598266363,
  "stability": 0.9244986698031425
}