{
  "final_return_ma": 49.04233932495117,
  "strength": -169.95765686035156,
  "max_strength": -94.0,
  "final_strength": -184.625,
  "sample_efficiency": 8.03595503384713e-06,
  "training_efficiency": 0.0008296515443362296,
  "stability": 0.9136702790856361
}