{
  "final_return_ma": 45.61491775512695,
  "strength": -173.3850860595703,
  "max_strength": -90.875,
  "final_strength": -165.875,
  "sample_efficiency": 7.642380296601914e-06,
  "training_efficiency": 0.0007883757934905589,
  "stability": 0.9285478070378304
}