{
  "final_return_ma": 44.16666793823242,
  "strength": -174.8333282470703,
  "max_strength": -147.125,
  "final_strength": -197.125,
  "sample_efficiency": 2.181023228331469e-05,
  "training_efficiency": 0.0003027780039701611,
  "stability": 0.9201154485344887
}