{
  "final_return_ma": 43.33333206176758,
  "strength": -175.6666717529297,
  "max_strength": -128.375,
  "final_strength": -181.5,
  "sample_efficiency": 2.089369809255004e-05,
  "training_efficiency": 0.000290002761175856,
  "stability": 0.9172101095318794
}