{
  "final_return_ma": 47.32143020629883,
  "strength": -171.67857360839844,
  "max_strength": -144.0,
  "final_strength": -150.25,
  "sample_efficiency": 2.3996537493076175e-05,
  "training_efficiency": 0.0003384897136129439,
  "stability": 0.9472983479499817
}