{
  "final_return_ma": 35.41666793823242,
  "strength": -183.5833282470703,
  "max_strength": -165.875,
  "final_strength": -187.75,
  "sample_efficiency": 4.001531851827167e-05,
  "training_efficiency": 0.0041524129919707775,
  "stability": 0.9452804364264011
}