{
  "final_return_ma": 38.02083206176758,
  "strength": -180.9791717529297,
  "max_strength": -153.375,
  "final_strength": -181.5,
  "sample_efficiency": 4.171347609371878e-05,
  "training_efficiency": 0.004332083743065596,
  "stability": 0.955079473555088
}