{
  "final_return_ma": 41.14583206176758,
  "strength": -177.8541717529297,
  "max_strength": -134.625,
  "final_strength": -190.875,
  "sample_efficiency": 4.0738159441389143e-05,
  "training_efficiency": 0.004229903221130371,
  "stability": 0.9108416512608528
}