{
  "final_return_ma": 41.66666793823242,
  "strength": -177.3333282470703,
  "max_strength": -122.125,
  "final_strength": -122.125,
  "sample_efficiency": 4.120045923627913e-05,
  "training_efficiency": 0.004280778579413891,
  "stability": 0.9236894473433495
}