{
  "final_return_ma": 30.72916603088379,
  "strength": -188.2708282470703,
  "max_strength": -159.625,
  "final_strength": -187.75,
  "sample_efficiency": 4.0955514123197645e-05,
  "training_efficiency": 0.004255559295415878,
  "stability": 0.9435965493321419
}