{
  "final_return_ma": 36.58854138851166,
  "strength": -182.4114580154419,
  "max_strength": -152.3984375,
  "final_strength": -182.0859375,
  "sample_efficiency": 4.13035299970943e-05,
  "training_efficiency": 0.0042900538828689605,
  "stability": 0.9420688027166761,
  "consistency": 1.225137933911287
}