{
  "final_return_ma": 55.20833206176758,
  "strength": -163.7916717529297,
  "max_strength": -131.5,
  "final_strength": -131.5,
  "sample_efficiency": 4.344081025919877e-05,
  "training_efficiency": 0.004514154512435198,
  "stability": 0.9706314243376255
}