{
  "final_return_ma": 45.3125,
  "strength": -173.6875,
  "max_strength": -147.125,
  "final_strength": -190.875,
  "sample_efficiency": 4.147554864175618e-05,
  "training_efficiency": 0.004311142954975367,
  "stability": 0.9486049935221672
}