{
  "final_return_ma": 42.70833206176758,
  "strength": -176.2916717529297,
  "max_strength": -147.125,
  "final_strength": -178.375,
  "sample_efficiency": 4.0921964682638645e-05,
  "training_efficiency": 0.004248457960784435,
  "stability": 0.9395877756178379
}