{
  "final_return_ma": 46.09375,
  "strength": -172.90625,
  "max_strength": -137.75,
  "final_strength": -137.75,
  "sample_efficiency": 5.316585520631634e-05,
  "training_efficiency": 3.8248090277193114e-05,
  "stability": 0.971789663657546
}