{
  "final_return_ma": 25.78125,
  "strength": -193.21875,
  "max_strength": -156.5,
  "final_strength": -219.0,
  "sample_efficiency": 5.0811362598324195e-05,
  "training_efficiency": 3.44428262906149e-05,
  "stability": 0.8871586546301842
}