{
  "final_return_ma": 77.28174591064453,
  "strength": -141.71824645996094,
  "max_strength": -25.25,
  "final_strength": -112.75,
  "sample_efficiency": 9.26594111660961e-06,
  "training_efficiency": 0.00012205598613945767,
  "stability": 0.848278596997261
}