{
  "final_return_ma": 74.6031723022461,
  "strength": -144.39682006835938,
  "max_strength": -19.0,
  "final_strength": -81.5,
  "sample_efficiency": 8.316128514707088e-06,
  "training_efficiency": 0.00010907168325502425,
  "stability": 0.8072763532400131
}