{
  "final_return_ma": 74.70237731933594,
  "strength": -144.29762268066406,
  "max_strength": 6.0,
  "final_strength": -162.75,
  "sample_efficiency": 8.335941856785212e-06,
  "training_efficiency": 0.00010964670946123078,
  "stability": 0.8410898298025131
}