{
  "final_return_ma": 68.1547622680664,
  "strength": -150.84524536132812,
  "max_strength": -50.25,
  "final_strength": -144.0,
  "sample_efficiency": 8.3211616583867e-06,
  "training_efficiency": 0.00010957129416055977,
  "stability": 0.8457408398389816
}