{
  "final_return_ma": 67.06349182128906,
  "strength": -151.93650817871094,
  "max_strength": -37.75,
  "final_strength": -37.75,
  "sample_efficiency": 8.898433407011908e-06,
  "training_efficiency": 0.0001169948882306926,
  "stability": 0.8741379827260971
}