{
  "final_return_ma": 83.33333587646484,
  "strength": -135.6666717529297,
  "max_strength": -50.25,
  "final_strength": -50.25,
  "sample_efficiency": 4.597767838276923e-05,
  "training_efficiency": 0.0006179218762554228,
  "stability": 0.9018003270030022
}