{
  "final_return_ma": 40.625,
  "strength": -178.375,
  "max_strength": -150.25,
  "final_strength": -150.25,
  "sample_efficiency": 4.011796409031376e-05,
  "training_efficiency": 0.0005348881823010743,
  "stability": 0.8980978280305862
}