{
  "final_return_ma": 46.875,
  "strength": -172.125,
  "max_strength": -131.5,
  "final_strength": -156.5,
  "sample_efficiency": 4.340030500316061e-05,
  "training_efficiency": 0.0005817918572574854,
  "stability": 0.9286733269691467
}