{
  "final_return_ma": 36.45833206176758,
  "strength": -182.5416717529297,
  "max_strength": -150.25,
  "final_strength": -150.25,
  "sample_efficiency": 4.1304116166429594e-05,
  "training_efficiency": 0.000551559787709266,
  "stability": 0.9338624328374863
}