{
  "final_return_ma": 66.66666412353516,
  "strength": -152.3333282470703,
  "max_strength": 12.25,
  "final_strength": -194.0,
  "sample_efficiency": 4.0548409742768854e-05,
  "training_efficiency": 0.0005455739446915686,
  "stability": 0.6788194477558136
}