{
  "final_return_ma": 38.59375,
  "strength": -180.40625,
  "max_strength": -103.375,
  "final_strength": -190.875,
  "sample_efficiency": 5.30906845597201e-06,
  "training_efficiency": 0.00018765575077850372,
  "stability": 0.9233182519674301
}