epi,t,wall_t,opt_step,frame,fps,total_reward,total_reward_ma,loss,lr,explore_var,entropy_coef,entropy,grad_norm
0.0,0.0,0.0,0.0,0.0,0.0,,,,1e-04,,0.01,,
0.0,10000.0,431.0,720.0,10000.0,23.201857,31.25,31.25,-0.023267495,1e-04,,0.01,2.8789608,
0.0,20000.0,577.0,1520.0,20000.0,34.662045,100.0,65.625,-0.02744366,1e-04,,0.01,2.8668485,
0.0,30000.0,726.0,2320.0,30000.0,41.322315,87.5,72.916664,-0.019150376,1e-04,,0.01,2.8577707,
0.0,40000.0,875.0,3120.0,40000.0,45.714287,25.0,60.9375,-0.023214767,1e-04,,0.01,2.8419824,
0.0,50000.0,1015.0,3840.0,50000.0,49.261086,87.5,66.25,-0.024874331,1e-04,,0.01,2.8230355,
0.0,60000.0,1167.0,4640.0,60000.0,51.413883,168.75,83.333336,-0.021486036,1e-04,,0.01,2.8225753,
