epi,t,wall_t,opt_step,frame,fps,total_reward,total_reward_ma,loss,lr,explore_var,entropy_coef,entropy,grad_norm
0.0,0.0,0.0,0.0,0.0,0.0,,,,1e-04,,0.01,,
0.0,10000.0,436.0,720.0,10000.0,22.93578,0.0,0.0,-0.027492477,1e-04,,0.01,2.881224,
0.0,20000.0,586.0,1520.0,20000.0,34.129692,0.0,0.0,-0.023713144,1e-04,,0.01,2.8619192,
0.0,30000.0,733.0,2320.0,30000.0,40.927696,43.75,14.583333,-0.025673017,1e-04,,0.01,2.848053,
0.0,40000.0,880.0,3120.0,40000.0,45.454544,43.75,21.875,-0.03119228,1e-04,,0.01,2.8476934,
0.0,50000.0,1017.0,3840.0,50000.0,49.164207,87.5,35.0,-0.017033735,1e-04,,0.01,2.824235,
0.0,60000.0,1166.0,4640.0,60000.0,51.457977,81.25,42.708332,-0.008729612,1e-04,,0.01,2.7880518,
