{
  "final_return_ma": 57.29166793823242,
  "strength": -161.7083282470703,
  "max_strength": -106.5,
  "final_strength": -175.25,
  "sample_efficiency": 4.561624882626347e-05,
  "training_efficiency": 0.0006136552547104657,
  "stability": 0.9135220125317574
}