{
  "final_return_ma": 42.70833206176758,
  "strength": -176.2916717529297,
  "max_strength": -144.0,
  "final_strength": -181.5,
  "sample_efficiency": 3.991254561697133e-05,
  "training_efficiency": 0.0005325661622919142,
  "stability": 0.8644793182611465
}