epi,t,wall_t,opt_step,frame,fps,total_reward,total_reward_ma,loss,lr,explore_var,entropy_coef,entropy,grad_norm
0.0,0.0,0.0,0.0,0.0,0.0,,,,1e-04,,0.01,,
0.0,10000.0,436.0,720.0,10000.0,22.93578,56.25,56.25,-0.0128521845,1e-04,,0.01,2.8746638,
0.0,20000.0,586.0,1520.0,20000.0,34.129692,75.0,65.625,-0.026968338,1e-04,,0.01,2.8655875,
0.0,30000.0,736.0,2320.0,30000.0,40.760868,31.25,54.166668,-0.023914967,1e-04,,0.01,2.8432474,
0.0,40000.0,882.0,3120.0,40000.0,45.351475,56.25,54.6875,-0.02756983,1e-04,,0.01,2.8521934,
0.0,50000.0,1017.0,3840.0,50000.0,49.164207,31.25,50.0,-0.0177751,1e-04,,0.01,2.8347144,
0.0,60000.0,1165.0,4640.0,60000.0,51.502148,75.0,54.166668,-0.023209792,1e-04,,0.01,2.7843602,
