{
  "final_return_ma": 42.70833206176758,
  "strength": -176.2916717529297,
  "max_strength": -131.5,
  "final_strength": -137.75,
  "sample_efficiency": 4.537816494121216e-05,
  "training_efficiency": 0.0006087322835810483,
  "stability": 0.993206521961838
}