epi,t,wall_t,opt_step,frame,fps,total_reward,total_reward_ma,loss,lr,explore_var,entropy_coef,entropy,grad_norm
0.0,0.0,0.0,0.0,0.0,0.0,,,,1e-04,,0.01,,
0.0,10000.0,435.0,720.0,10000.0,22.988506,43.75,43.75,-0.030429507,1e-04,,0.01,2.8740587,
0.0,20000.0,586.0,1520.0,20000.0,34.129692,0.0,21.875,-0.030149642,1e-04,,0.01,2.8621557,
0.0,30000.0,737.0,2320.0,30000.0,40.705563,43.75,29.166666,-0.026784139,1e-04,,0.01,2.840146,
0.0,40000.0,887.0,3120.0,40000.0,45.09583,37.5,31.25,-0.01750424,1e-04,,0.01,2.8453457,
0.0,50000.0,1025.0,3840.0,50000.0,48.780487,25.0,30.0,-0.031074567,1e-04,,0.01,2.8158429,
0.0,60000.0,1176.0,4640.0,60000.0,51.02041,68.75,36.458332,-0.015760062,1e-04,,0.01,2.8053653,
