epi,t,wall_t,opt_step,frame,fps,total_reward,total_reward_ma,loss,lr,explore_var,entropy_coef,entropy,grad_norm
0.0,0.0,0.0,0.0,0.0,0.0,,,,1e-04,,0.01,,
0.0,10000.0,440.0,720.0,10000.0,22.727272,62.5,62.5,-0.017707368,1e-04,,0.01,2.8753455,
0.0,20000.0,588.0,1520.0,20000.0,34.013607,12.5,37.5,-0.023604335,1e-04,,0.01,2.868447,
0.0,30000.0,738.0,2320.0,30000.0,40.650406,31.25,35.416668,-0.019190487,1e-04,,0.01,2.855122,
0.0,40000.0,887.0,3120.0,40000.0,45.09583,56.25,40.625,-0.024818052,1e-04,,0.01,2.8393745,
0.0,50000.0,1026.0,3840.0,50000.0,48.732944,12.5,35.0,-0.008693081,1e-04,,0.01,2.8283486,
0.0,60000.0,1177.0,4640.0,60000.0,50.977062,68.75,40.625,-0.025276681,1e-04,,0.01,2.7927155,
