{
  "final_return_ma": 44.79166793823242,
  "strength": -174.2083282470703,
  "max_strength": -112.75,
  "final_strength": -144.0,
  "sample_efficiency": 4.122698010178283e-05,
  "training_efficiency": 0.0005496739759109914,
  "stability": 0.9029126241803169
}