{
  "final_return_ma": 54.16666793823242,
  "strength": -164.8333282470703,
  "max_strength": -144.0,
  "final_strength": -144.0,
  "sample_efficiency": 4.040149724460207e-05,
  "training_efficiency": 0.0005397334462031722,
  "stability": 0.9186390563845634
}