{
  "final_return_ma": 51.5625,
  "strength": -167.4375,
  "max_strength": -110.875,
  "final_strength": -148.375,
  "sample_efficiency": 4.238839101162739e-05,
  "training_efficiency": 0.0005676096770912409,
  "stability": 0.8934012895915657,
  "consistency": 1.4479055790309663
}