epi,t,wall_t,opt_step,frame,fps,total_reward,total_reward_ma,loss,lr,explore_var,entropy_coef,entropy,grad_norm
0.0,0.0,0.0,0.0,0.0,0.0,,,,1e-04,,0.01,,
0.0,10000.0,435.0,720.0,10000.0,22.988506,56.25,56.25,-0.018052986,1e-04,,0.01,2.8781288,
0.0,20000.0,585.0,1520.0,20000.0,34.188034,31.25,43.75,-0.024768144,1e-04,,0.01,2.8614721,
0.0,30000.0,733.0,2320.0,30000.0,40.927696,75.0,54.166668,-0.024254318,1e-04,,0.01,2.8567402,
0.0,40000.0,878.0,3120.0,40000.0,45.558086,0.0,40.625,-0.02671872,1e-04,,0.01,2.8483808,
0.0,50000.0,1014.0,3840.0,50000.0,49.309666,56.25,43.75,-0.027216826,1e-04,,0.01,2.841186,
0.0,60000.0,1164.0,4640.0,60000.0,51.54639,37.5,42.708332,-0.020945316,1e-04,,0.01,2.8012807,
