epi,t,wall_t,opt_step,frame,fps,total_reward,total_reward_ma,loss,lr,explore_var,entropy_coef,entropy,grad_norm
0.0,0.0,0.0,0.0,0.0,0.0,,,,1e-04,,0.01,,
0.0,10000.0,430.0,720.0,10000.0,23.255814,0.0,0.0,-0.029262671,1e-04,,0.01,2.8812385,
0.0,20000.0,575.0,1520.0,20000.0,34.782608,31.25,15.625,-0.03332046,1e-04,,0.01,2.8694143,
0.0,30000.0,723.0,2320.0,30000.0,41.493774,87.5,39.583332,-0.019070268,1e-04,,0.01,2.8512833,
0.0,40000.0,872.0,3120.0,40000.0,45.87156,112.5,57.8125,-0.019305376,1e-04,,0.01,2.8494465,
0.0,50000.0,1010.0,3840.0,50000.0,49.50495,68.75,60.0,-0.024895936,1e-04,,0.01,2.8259895,
0.0,60000.0,1160.0,4640.0,60000.0,51.724136,43.75,57.291668,-0.02320564,1e-04,,0.01,2.7974854,
