{
  "final_return_ma": 43.1640625,
  "strength": -175.8359375,
  "max_strength": -103.375,
  "final_strength": -172.125,
  "sample_efficiency": 5.5627001529501285e-06,
  "training_efficiency": 0.0005740816704928875,
  "stability": 0.9193880259990692
}