{
  "final_return_ma": 34.275264739990234,
  "strength": -184.7247314453125,
  "max_strength": -106.5,
  "final_strength": -181.5,
  "sample_efficiency": 5.652728759741876e-06,
  "training_efficiency": 0.000583078945055604,
  "stability": 0.9341631457209587
}