{
  "final_return_ma": 43.85245895385742,
  "strength": -175.1475372314453,
  "max_strength": -109.625,
  "final_strength": -156.5,
  "sample_efficiency": 8.072450327745173e-06,
  "training_efficiency": 0.0002854987105820328,
  "stability": 0.9266801252961159
}