{
  "final_return_ma": 38.88319778442383,
  "strength": -180.11680603027344,
  "max_strength": -119.0,
  "final_strength": -181.5,
  "sample_efficiency": 8.013435945031233e-06,
  "training_efficiency": 0.0002834190090652555,
  "stability": 0.9259644895792007
}