{
  "final_return_ma": 32.625,
  "strength": -186.375,
  "max_strength": -144.0,
  "final_strength": -187.75,
  "sample_efficiency": 9.215391401085071e-06,
  "training_efficiency": 0.0,
  "stability": 0.9363432228565216,
  "consistency": 1.0
}