{
  "final_return_ma": 40.46052551269531,
  "strength": -178.5394744873047,
  "max_strength": -100.25,
  "final_strength": -122.125,
  "sample_efficiency": 5.24714005223359e-06,
  "training_efficiency": 0.0005410336307249963,
  "stability": 0.9378307946026325
}