{
  "final_return_ma": 38.93229293823242,
  "strength": -180.0677032470703,
  "max_strength": -128.375,
  "final_strength": -159.625,
  "sample_efficiency": 5.438138032332063e-06,
  "training_efficiency": 0.0005606162594631314,
  "stability": 0.9332189932465553
}